query,question_text,output,flag,username,timestamp
Al in Health Care,How Al can be used in Health Care," Based on the provided context, here are some ways that Artificial Intelligence (AI) can be used in healthcare:

1. Predictive analytics: AI can be used to analyze large amounts of data and identify patterns that can predict patient outcomes, such as disease progression or response to treatment.
2. Personalized medicine: AI can help personalize treatment plans for individual patients based on their unique characteristics, such as genetic profiles, medical history, and lifestyle.
3. Medical imaging analysis: AI can be used to analyze medical images, such as X-rays and MRIs, to identify abnormalities and diagnose conditions.
4. Clinical decision support: AI can provide doctors with real-time, evidence-based recommendations for diagnosis and treatment.
5. Electronic health records (EHRs): AI can be used to analyze EHRs to identify patterns and trends in patient data, which can improve patient care and population health.
6. Drug discovery: AI can be used to analyze large amounts of data to identify potential drug targets and develop new drugs.
7. Remote monitoring: AI can be used to remotely monitor patients with chronic conditions, such as diabetes or heart disease, and provide real-time feedback to healthcare providers.
8. Chatbots: AI-powered chatbots can help answer patient questions and provide basic medical advice, freeing up healthcare providers to focus on more complex cases.
9. Natural language processing (NLP): AI-powered NLP can be used to analyze large amounts of unstructured data, such as clinical notes and medical literature, to identify relevant information and improve patient care.
10. Population health management: AI can be used to analyze large amounts of data to identify trends and patterns in population health, which can inform public health policy and resource allocation.",,,2024-09-22 14:18:47.182615
Al in Health Care,How Al can be used in Health Care," Based on the provided context, here are some ways that Artificial Intelligence (AI) can be used in healthcare:

1. Predictive analytics: AI can be used to analyze large amounts of data and identify patterns that can predict patient outcomes, such as disease progression or response to treatment.
2. Personalized medicine: AI can help personalize treatment plans for individual patients based on their unique characteristics, such as genetic profiles, medical history, and lifestyle.
3. Medical imaging analysis: AI can be used to analyze medical images, such as X-rays and MRIs, to identify abnormalities and diagnose conditions.
4. Clinical decision support: AI can provide doctors with real-time, evidence-based recommendations for diagnosis and treatment.
5. Electronic health records (EHRs): AI can be used to analyze EHRs to identify patterns and trends in patient data, which can improve patient care and population health.
6. Drug discovery: AI can be used to analyze large amounts of data to identify potential drug targets and develop new drugs.
7. Remote monitoring: AI can be used to remotely monitor patients with chronic conditions, such as diabetes or heart disease, and provide real-time feedback to healthcare providers.
8. Chatbots: AI-powered chatbots can help answer patient questions and provide basic medical advice, freeing up healthcare providers to focus on more complex cases.
9. Natural language processing (NLP): AI-powered NLP can be used to analyze large amounts of unstructured data, such as clinical notes and medical literature, to identify relevant information and improve patient care.
10. Population health management: AI can be used to analyze large amounts of data to identify trends and patterns in population health, which can inform public health policy and resource allocation.",,,2024-09-22 14:18:49.140066
